,Date,Artist,Song,Album,Label,Show,DJ
0,,lindefelt,Amarillo (live @ Wmbr),,,,
1,,amiina,asinn (live @ wmbr),,,,
2,,lindefelt,cyano (live @ wmbr),,,,
3,,amiina,interview (live @ wmbr),,,,
4,,White Hills,Live @ WMBR,,,,
5,,Gary War,Live @ WMBR (8 songs),,,,
6,,amiina,over and again (live @ wmbr),,,,
7,,amiina,sicsak (live @ wmbr),,,,
8,,lindefelt,violeta (live @ wmbr),,,,
9,"Dec 29, 2014",Peter Galperin,I Hate To Admit It,Live in WMBR A-Control,,Uneasy Listening,Mully
10,"Dec 29, 2014",Peter Galperin,Angel Tonight,Live in WMBR A-Control,,Uneasy Listening,Mully
